max_dropouts,min_thickness,max_ph_offset,drop_points,chip_run,dropout_run,dropout_run_relaxed,shiner_run,any_defect_run,any_defect_relaxed,SubID,label
0.0,2.46,2.1986,0,0,0,0,0,0,0,260714791798,1
800.0,0.0,8.0,87,1,1,1,0,1,1,260714791800,1
0.0,2.22,4.2883,0,0,0,0,0,0,1,260714804654,1
0.0,2.28,2.4486,0,0,0,0,0,0,0,260714806269,1
0.0,2.16,4.5526,0,0,0,0,0,0,1,260714813127,1
283.0,2.24,8.8877,1,0,0,0,0,0,1,260714813220,1
0.0,2.28,3.8246,0,0,0,0,0,0,0,260714813871,1
0.0,2.46,4.7225,0,0,0,0,0,0,0,260714814082,1
2.0,2.26,5.4477,0,0,0,0,0,0,0,260714814333,1
5.0,2.34,3.6766,0,0,0,0,0,0,0,260714814418,1
0.0,2.28,4.4584,0,0,0,0,0,0,0,260714814539,1
0.0,2.34,4.5379,0,0,0,0,0,0,0,260714814654,1
0.0,2.28,4.6209,0,0,0,0,0,0,0,260714814658,1
2.0,2.46,6.238,0,0,0,0,0,0,0,260714814660,1
0.0,2.38,5.4039,0,0,0,0,0,0,0,260714814672,1
3.0,2.32,4.0067,0,0,0,0,0,0,0,260714814818,1
0.0,2.48,2.7971,0,0,0,0,0,0,0,260714814865,1
0.0,2.44,4.7398,0,0,0,0,0,0,0,260714814965,1
0.0,2.48,3.0837,0,0,0,0,0,0,0,260714814969,1
2.0,2.4,3.2295,0,0,0,0,0,0,0,260714815535,1
3.0,2.38,2.0573,0,0,0,0,0,0,0,260714815839,1
0.0,2.48,3.8945,0,0,0,0,0,0,0,260714816050,1
800.0,0.0,9.046,171,4,3,7,0,1,1,260714816762,1
3.0,2.4,2.1355,0,0,0,0,0,0,0,260714816855,1
5.0,2.1,5.0334,0,0,0,0,0,0,1,260714816970,1
0.0,2.36,1.9141,0,0,0,0,0,0,0,260715790319,1
0.0,2.38,3.8279,0,0,0,0,0,0,0,260715790399,1
0.0,2.28,4.4721,0,0,0,0,0,0,0,260715790532,1
0.0,2.28,4.0222,0,0,0,0,0,0,0,260715791581,1
2.0,2.18,4.0475,0,0,0,0,0,0,1,260715791655,1
0.0,2.3,2.524,0,0,0,0,0,0,0,260715791873,1
2.0,2.34,4.7415,0,0,0,0,0,0,0,260715792053,1
211.0,2.28,5.4071,1,0,0,0,0,0,0,260715792099,1
800.0,0.0,8.0,18,2,1,3,0,1,1,260715792847,1
800.0,0.0,8.0,22,3,2,4,0,1,1,260715792887,1
800.0,0.0,8.9439,22,1,1,2,0,1,1,260715792893,1
800.0,0.0,8.0,12,1,0,3,0,1,1,260715792899,1
3.0,2.22,2.3915,0,0,0,0,0,0,1,260715792920,1
2.0,2.36,5.2206,0,0,0,0,0,0,0,260715793122,1
800.0,0.0,8.0,1,0,0,0,0,0,1,260715793417,1
2.0,2.22,6.062,0,0,0,0,0,0,1,260715793948,1
0.0,2.36,3.3903,0,0,0,0,0,0,0,260715794174,1
0.0,2.46,2.6432,0,0,0,0,0,0,0,260715800231,1
0.0,2.48,2.1294,0,0,0,0,0,0,0,260715800232,1
0.0,2.3,5.1041,0,0,0,0,0,0,0,260715800445,1
0.0,2.32,4.9335,0,0,0,0,0,0,0,260715800786,1
3.0,2.26,4.0342,0,0,0,0,0,0,0,260715801019,1
0.0,2.48,2.8989,0,0,0,0,0,0,0,260715801554,1
0.0,2.32,2.6681,0,0,0,0,0,0,0,260715801885,1
0.0,2.46,3.5183,0,0,0,0,0,0,0,260715801949,1
0.0,2.46,3.0757,0,0,0,0,0,0,0,260715801950,1
2.0,2.5,3.7044,0,0,0,0,0,0,0,260715802527,1
0.0,2.38,6.5758,0,0,0,0,0,0,0,260715802564,1
0.0,2.32,4.8912,0,0,0,0,0,0,0,260715802629,1
0.0,2.48,3.462,0,0,0,0,0,0,0,260715802679,1
0.0,2.38,5.4587,0,0,0,0,0,0,0,260715802807,1
0.0,2.32,4.7963,0,0,0,0,0,0,0,260715802833,1
0.0,2.48,3.4864,0,0,0,0,0,0,0,260715803037,1
2.0,2.36,4.922,0,0,0,0,0,0,0,260715803189,1
0.0,2.3,3.1198,0,0,0,0,0,0,0,260715803355,1
2.0,2.42,3.8878,0,0,0,0,0,0,0,260715803427,1
4.0,2.38,3.3036,0,0,0,0,0,0,0,260715803791,1
3.0,2.4,2.5104,0,0,0,0,0,0,0,260715803869,1
216.0,2.34,5.5835,3,0,0,0,0,0,0,260715803895,1
0.0,2.46,3.0883,0,0,0,0,0,0,0,260715804128,1
0.0,2.3,5.1461,0,0,0,0,0,0,0,260715804513,1
0.0,2.32,4.3728,0,0,0,0,0,0,0,260715804625,1
2.0,2.48,4.8703,0,0,0,0,0,0,0,260715804659,1
0.0,2.34,5.8359,0,0,0,0,0,0,0,260715804715,1
0.0,2.48,4.0201,0,0,0,0,0,0,0,260715804764,1
0.0,2.26,3.6875,0,0,0,0,0,0,0,260715805081,1
2.0,2.32,5.0806,0,0,0,0,0,0,0,260715805208,1
7.0,2.38,5.4715,0,0,0,0,0,0,0,260715805567,1
0.0,2.24,6.7542,0,0,0,0,0,0,1,260715805606,1
0.0,2.22,5.2689,0,0,0,0,0,0,1,260715805873,1
4.0,2.3,6.788,0,0,0,0,0,0,0,260715805975,1
0.0,2.24,3.8062,0,0,0,0,0,0,1,260715805986,1
0.0,2.36,5.4773,0,0,0,0,0,0,0,260715806102,1
0.0,2.34,5.7079,0,0,0,0,0,0,0,260715806471,1
0.0,2.3,6.1082,0,0,0,0,0,0,0,260715806680,1
0.0,2.22,4.3602,0,0,0,0,0,0,1,260715810274,1
0.0,2.44,4.5202,0,0,0,0,0,0,0,260715810316,1
189.0,1.26,3.9461,4,0,0,0,0,0,1,260715810426,1
5.0,2.46,2.2197,0,0,0,0,0,0,0,260715810430,1
2.0,2.48,6.3675,0,0,0,0,0,0,0,260715810803,1
0.0,2.48,3.2281,0,0,0,0,0,0,0,260715810819,1
0.0,2.38,4.8534,0,0,0,0,0,0,0,260715810953,1
0.0,2.34,3.6939,0,0,0,0,0,0,0,260715811306,1
0.0,2.38,2.8081,0,0,0,0,0,0,0,260715811668,1
2.0,2.22,8.1389,0,1,0,0,0,1,1,260715811787,1
2.0,2.3,2.5326,0,0,0,0,0,0,0,260715811808,1
2.0,2.4,3.2827,0,0,0,0,0,0,0,260715811873,1
0.0,2.36,3.1538,0,0,0,0,0,0,0,260715811893,1
0.0,2.42,2.7297,0,0,0,0,0,0,0,260715811895,1
10.0,1.8,4.5316,0,0,0,0,0,0,1,260715811914,1
2.0,2.4,4.9616,0,0,0,0,0,0,0,260715811915,1
3.0,2.46,3.8963,0,0,0,0,0,0,0,260715811923,1
3.0,2.18,5.0404,0,0,0,0,0,0,1,260715811988,1
2.0,2.38,3.6154,0,0,0,0,0,0,0,260715812642,1
0.0,2.26,4.2154,0,0,0,0,0,0,0,260715812652,1
0.0,2.48,2.1927,0,0,0,0,0,0,0,260715812734,1
2.0,2.4,3.9579,0,0,0,0,0,0,0,260715812874,1
0.0,2.28,4.2617,0,0,0,0,0,0,0,260715813205,1
3.0,2.46,2.6681,0,0,0,0,0,0,0,260715813215,1
0.0,2.34,4.4933,0,0,0,0,0,0,0,260715813626,1
2.0,2.36,4.558,0,0,0,0,0,0,0,260715813930,1
0.0,2.3,6.1375,0,0,0,0,0,0,0,260715814048,1
2.0,2.38,5.7577,0,0,0,0,0,0,0,260715814918,1
0.0,2.32,5.133,0,0,0,0,0,0,0,260715815216,1
126.0,2.3,5.3013,1,0,0,0,0,0,0,260715815221,1
0.0,2.38,4.6136,0,0,0,0,0,0,0,260715815303,1
0.0,2.32,4.1333,0,0,0,0,0,0,0,260715815351,1
0.0,2.4,2.4303,0,0,0,0,0,0,0,260715816102,1
2.0,2.36,3.7522,0,0,0,0,0,0,0,260715816106,1
0.0,2.38,5.1047,0,0,0,0,0,0,0,260715817089,1
2.0,2.38,2.8089,0,0,0,0,0,0,0,260715817120,1
3.0,2.36,6.1868,0,0,0,0,0,0,0,260715817126,1
2.0,2.36,6.6367,0,0,0,0,0,0,0,260715817442,1
0.0,2.36,4.0634,0,0,0,0,0,0,0,260716790020,1
2.0,2.36,4.7138,0,0,0,0,0,0,0,260716790242,1
2.0,2.38,3.1406,0,0,0,0,0,0,0,260716790839,1
0.0,2.42,1.9877,0,0,0,0,0,0,0,260716791196,1
0.0,2.26,4.9699,0,0,0,0,0,0,0,260716791348,1
2.0,2.32,5.2782,0,0,0,0,0,0,0,260716791485,1
0.0,2.32,4.5141,0,0,0,0,0,0,0,260716792015,1
5.0,2.28,3.6497,0,0,0,0,0,0,0,260716792016,1
0.0,2.46,2.6548,0,0,0,0,0,0,0,260716792041,1
0.0,2.46,2.3027,0,0,0,0,0,0,0,260716792085,1
94.0,2.38,4.1753,1,0,0,0,0,0,0,260716792296,1
0.0,2.34,4.0886,0,0,0,0,0,0,0,260716792297,1
15.0,2.34,4.0887,1,0,0,0,0,0,0,260716792386,1
0.0,2.26,5.8871,0,0,0,0,0,0,0,260716792491,1
0.0,2.28,4.0696,0,0,0,0,0,0,0,260716792493,1
2.0,2.4,4.0978,0,0,0,0,0,0,0,260716792559,1
0.0,2.34,5.1355,0,0,0,0,0,0,0,260716792941,1
0.0,2.36,3.4488,0,0,0,0,0,0,0,260716793111,1
2.0,2.32,2.6018,0,0,0,0,0,0,0,260716793139,1
3.0,2.22,5.1146,0,0,0,0,0,0,1,260716793143,1
0.0,2.3,4.0741,0,0,0,0,0,0,0,260716793178,1
4.0,2.28,6.6191,0,0,0,0,0,0,0,260716793304,1
0.0,2.32,4.7676,0,0,0,0,0,0,0,260716793305,1
3.0,2.3,6.3629,0,0,0,0,0,0,0,260716793637,1
0.0,2.3,3.5962,0,0,0,0,0,0,0,260716794236,1
0.0,2.22,2.7572,0,1,0,0,0,1,1,260716794313,1
0.0,2.3,5.1151,0,0,0,0,0,0,0,260716794783,1
2.0,2.3,2.6625,0,0,0,0,0,0,0,260716794943,1
0.0,2.28,2.651,0,0,0,0,0,0,0,260716794959,1
0.0,2.44,2.5517,0,0,0,0,0,0,0,260716794984,1
0.0,2.32,4.8685,0,0,0,0,0,0,0,260716795106,1
0.0,2.36,3.4014,0,0,0,0,0,0,0,260716796108,1
4.0,2.26,2.2309,0,0,0,0,0,0,0,260716800159,1
2.0,2.38,4.0746,0,0,0,0,0,0,0,260716800318,1
0.0,2.3,5.2292,0,0,0,0,0,0,0,260716800472,1
0.0,2.34,6.2486,0,0,0,0,0,0,0,260716800583,1
4.0,2.28,1.9226,0,0,0,0,0,0,0,260716800721,1
0.0,2.32,2.3599,0,0,0,0,0,0,0,260716801077,1
0.0,2.32,3.0342,0,0,0,0,0,0,0,260716801325,1
3.0,2.36,7.2526,0,0,0,0,0,0,0,260716802093,1
0.0,2.28,5.4185,0,0,0,0,0,0,0,260716802372,1
4.0,2.28,2.0668,0,0,0,0,0,0,0,260716802746,1
0.0,2.28,2.5317,0,0,0,0,0,0,0,260716803134,1
0.0,2.3,2.9926,0,0,0,0,0,0,0,260716803782,1
0.0,2.46,7.1543,0,0,0,0,0,0,0,260716804050,1
3.0,2.44,4.9356,0,0,0,0,0,0,0,260716804136,1
10.0,2.3,5.0301,0,0,0,0,0,0,0,260716804197,1
0.0,2.28,3.9224,0,0,0,0,0,0,0,260716804263,1
0.0,2.3,4.3913,0,0,0,0,0,0,0,260716804310,1
0.0,2.48,2.6249,0,0,0,0,0,0,0,260716804573,1
3.0,2.48,3.5744,0,0,0,0,0,0,0,260716804575,1
2.0,2.34,6.2145,0,0,0,0,0,0,0,260716804595,1
0.0,2.44,3.1461,0,0,0,0,0,0,0,260716805060,1
2.0,1.8,8.0198,0,1,0,0,0,1,1,260716805062,1
0.0,2.32,6.1746,0,0,0,0,0,0,0,260716805083,1
3.0,2.38,2.8826,0,0,0,0,0,0,0,260716805215,1
800.0,0.0,8.6688,98,1,1,1,0,1,1,260716805568,1
3.0,2.28,3.1901,0,0,0,0,0,0,0,260716805632,1
0.0,2.2,2.3941,0,0,0,0,0,0,1,260716805774,1
0.0,2.38,4.5636,0,0,0,0,0,0,0,260716805789,1
0.0,2.32,5.3264,0,0,0,0,0,0,0,260716805803,1
0.0,2.26,4.5034,0,0,0,0,0,0,0,260716806260,1
2.0,2.32,4.3142,0,0,0,0,0,0,0,260716806261,1
2.0,2.18,3.7475,0,0,0,0,0,0,1,260716806291,1
0.0,2.28,6.3584,0,0,0,0,0,0,0,260716806543,1
0.0,2.46,2.7081,0,0,0,0,0,0,0,260716806632,1
0.0,2.4,2.8301,0,0,0,0,0,0,0,260716806691,1
0.0,2.3,3.1706,0,0,0,0,0,0,0,260716806825,1
0.0,2.32,3.2346,0,0,0,0,0,0,0,260716806826,1
2.0,2.12,3.555,0,0,0,0,0,0,1,260716806898,1
0.0,2.34,5.5443,0,0,0,0,0,0,0,260716806941,1
3.0,2.24,2.3197,0,0,0,0,0,0,1,260716806952,1
0.0,2.28,3.3743,0,0,0,0,0,0,0,260716810455,1
2.0,2.28,3.2683,0,0,0,0,0,0,0,260716810504,1
0.0,2.46,4.0454,0,0,0,0,0,0,0,260716811101,1
0.0,2.4,2.7578,0,0,0,0,0,0,0,260716811312,1
0.0,2.4,3.7626,0,0,0,0,0,0,0,260716811580,1
3.0,2.42,3.6037,0,0,0,0,0,0,0,260716811952,1
2.0,2.4,3.362,0,0,0,0,0,0,0,260716812010,1
4.0,2.48,3.1151,0,0,0,0,0,0,0,260716812337,1
2.0,2.3,6.0781,0,0,0,0,0,0,0,260716812354,1
2.0,2.34,5.1996,0,0,0,0,0,0,0,260716813069,1
195.0,2.34,3.2226,1,0,0,0,0,0,0,260716813299,1
800.0,0.0,9.1174,58,1,1,1,1,1,1,260716813585,1
3.0,2.18,5.2146,0,0,0,0,0,0,1,260716813587,1
2.0,2.46,3.0063,0,0,0,0,0,0,0,260716813641,1
0.0,2.24,4.2556,0,0,0,0,0,0,1,260716814248,1
2.0,2.34,4.4528,0,0,0,0,0,0,0,260716814279,1
2.0,2.3,3.3792,0,0,0,0,0,0,0,260716814965,1
3.0,2.34,5.3503,0,0,0,0,0,0,0,260716815381,1
2.0,2.36,5.7054,0,0,0,0,0,0,0,260716815514,1
3.0,2.3,3.5931,0,0,0,0,0,0,0,260716815575,1
0.0,2.36,4.0035,0,0,0,0,0,0,0,260716815790,1
0.0,2.34,2.5313,0,0,0,0,0,0,0,260716815791,1
3.0,2.22,4.0022,0,0,0,0,0,0,1,260716816221,1
0.0,1.82,7.094,0,0,0,0,0,0,1,260716816834,1
0.0,2.38,4.0519,0,0,0,0,0,0,0,260716816861,1
0.0,2.32,6.0052,0,0,0,0,0,0,0,260717790001,1
3.0,2.36,3.0067,0,0,0,0,0,0,0,260717790539,1
5.0,2.24,2.8553,0,0,0,0,0,0,1,260717790565,1
0.0,2.34,4.0176,0,0,0,0,0,0,0,260717790713,1
0.0,2.4,5.3255,0,0,0,0,0,0,0,260717790859,1
4.0,2.2,4.9594,0,0,0,0,0,0,1,260717790866,1
0.0,2.22,4.0504,0,0,0,0,0,0,1,260717791072,1
4.0,2.3,4.6825,0,0,0,0,0,0,0,260717791122,1
2.0,2.16,4.2642,0,0,0,0,0,0,1,260717791310,1
0.0,2.24,5.096,0,0,0,0,0,0,1,260717791400,1
3.0,2.34,3.0344,0,0,0,0,0,0,0,260717791777,1
2.0,2.3,3.4993,0,0,0,0,0,0,0,260717792001,1
0.0,2.2,2.162,0,0,0,0,0,0,1,260717792127,1
7.0,2.2,4.0248,0,0,0,0,0,0,1,260717792342,1
4.0,2.32,3.1672,0,0,0,0,0,0,0,260717792390,1
3.0,2.28,3.7183,0,0,0,0,0,0,0,260717792558,1
0.0,2.48,3.0405,0,0,0,0,0,0,0,260717800356,1
0.0,2.32,6.2641,0,0,0,0,0,0,0,260717800713,1
0.0,2.38,3.1612,0,0,0,0,0,0,0,260717800838,1
0.0,2.28,4.595,0,0,0,0,0,0,0,260717800960,1
2.0,2.26,3.084,0,0,0,0,0,0,0,260717801081,1
0.0,2.2,2.4127,0,0,0,0,0,0,1,260717801236,1
0.0,2.38,4.0905,0,0,0,0,0,0,0,260717801247,1
7.0,2.28,4.8586,0,0,0,0,0,0,0,260717801605,1
0.0,2.32,3.7625,0,0,0,0,0,0,0,260717801686,1
2.0,2.34,4.553,0,0,0,0,0,0,0,260717801993,1
0.0,2.36,4.4595,0,0,0,0,0,0,0,260717802024,1
2.0,2.3,2.9019,0,0,0,0,0,0,0,260717802365,1
148.0,2.26,2.2015,1,0,0,0,0,0,0,260717802374,1
2.0,2.32,6.1754,0,0,0,0,0,0,0,260717802525,1
3.0,2.24,7.2137,0,0,0,0,0,0,1,260717802526,1
3.0,2.3,5.8109,0,0,0,0,0,0,0,260717802690,1
2.0,2.32,6.1073,0,0,0,0,0,0,0,260717802730,1
2.0,2.32,3.9722,0,0,0,0,0,0,0,260717802809,1
0.0,2.28,3.5822,0,0,0,0,0,0,0,260717802838,1
0.0,2.42,4.8232,0,0,0,0,0,0,0,260717810580,1
3.0,2.2,3.252,0,0,0,0,0,0,1,260717811222,1
3.0,2.36,6.2917,0,0,0,0,0,0,0,260717811239,1
0.0,2.48,2.6021,0,0,0,0,0,0,0,260717811454,1
3.0,2.28,6.1343,0,0,0,0,0,0,0,260717811642,1
0.0,2.4,3.1502,0,0,0,0,0,0,0,260717812023,1
0.0,2.36,4.465,0,0,0,0,0,0,0,260717812460,1
0.0,2.2,5.5695,0,0,0,0,0,0,1,260717812703,1
0.0,2.4,2.9367,0,0,0,0,0,0,0,260717813305,1
0.0,2.48,7.0455,0,0,0,0,0,0,0,260717813329,1
0.0,2.3,5.863,0,0,0,0,0,0,0,260716794780,0
0.0,2.34,3.2582,0,0,0,0,0,0,0,260716794827,0
0.0,2.3,2.7266,0,0,0,0,0,0,0,260716794846,0
2.0,2.3,3.9597,0,0,0,0,0,0,0,260716795695,0
2.0,2.26,3.6402,0,0,0,0,0,0,0,260716795795,0
2.0,2.28,5.0296,0,0,0,0,0,0,0,260716795796,0
0.0,2.34,4.5682,0,0,0,0,0,0,0,260716795798,0
0.0,2.26,5.25,0,0,0,0,0,0,0,260716795814,0
0.0,2.42,2.9111,0,0,0,0,0,0,0,260716795827,0
0.0,2.28,2.8509,0,0,0,0,0,0,0,260716795839,0
2.0,2.36,4.4669,0,0,0,0,0,0,0,260716795840,0
0.0,2.36,3.5106,0,0,0,0,0,0,0,260716795864,0
2.0,2.3,4.9339,0,0,0,0,0,0,0,260716795876,0
0.0,2.36,2.8165,0,0,0,0,0,0,0,260716795883,0
3.0,2.44,3.762,0,0,0,0,0,0,0,260716795885,0
8.0,2.4,3.8576,0,0,0,0,0,0,0,260716795909,0
2.0,2.36,4.5664,0,0,0,0,0,0,0,260716795980,0
2.0,2.3,3.7923,0,0,0,0,0,0,0,260716796061,0
0.0,2.32,2.595,0,0,0,0,0,0,0,260716796080,0
0.0,2.28,3.7127,0,0,0,0,0,0,0,260716796174,0
0.0,2.32,2.3241,0,0,0,0,0,0,0,260716802097,0
2.0,2.4,4.0858,0,0,0,0,0,0,0,260716806315,0
0.0,2.38,3.2425,0,0,0,0,0,0,0,260716806365,0
0.0,2.34,4.4479,0,0,0,0,0,0,0,260716806386,0
0.0,2.3,2.1482,0,0,0,0,0,0,0,260716806510,0
4.0,2.26,4.0058,0,0,0,0,0,0,0,260716806515,0
2.0,2.26,2.2283,0,0,0,0,0,0,0,260716806523,0
2.0,2.36,3.8413,0,0,0,0,0,0,0,260716806696,0
0.0,2.36,5.778,0,0,0,0,0,0,0,260716806731,0
0.0,2.32,7.7899,0,0,0,0,0,0,0,260716806735,0
0.0,2.34,7.1486,0,0,0,0,0,0,0,260716806736,0
2.0,2.42,3.5654,0,0,0,0,0,0,0,260716806755,0
0.0,2.42,7.3168,0,0,0,0,0,0,0,260716814458,0
0.0,2.4,6.0643,0,0,0,0,0,0,0,260716814811,0
0.0,2.44,3.8997,0,0,0,0,0,0,0,260716816109,0
0.0,2.4,6.612,0,0,0,0,0,0,0,260716816294,0
6.0,2.42,5.2554,0,0,0,0,0,0,0,260716816327,0
0.0,2.32,5.7288,0,0,0,0,0,0,0,260716816434,0
2.0,2.3,3.9643,0,0,0,0,0,0,0,260717790125,0
2.0,2.32,6.0981,0,0,0,0,0,0,0,260717790331,0
2.0,2.38,3.3343,0,0,0,0,0,0,0,260717790557,0
2.0,2.4,3.4221,0,0,0,0,0,0,0,260717790601,0
3.0,2.38,4.2162,0,0,0,0,0,0,0,260717790762,0
4.0,2.3,5.7116,0,0,0,0,0,0,0,260717790803,0
3.0,2.38,5.9118,0,0,0,0,0,0,0,260717790827,0
2.0,2.3,2.192,0,0,0,0,0,0,0,260717790843,0
2.0,2.46,3.6917,0,0,0,0,0,0,0,260717790971,0
0.0,2.28,4.7296,0,0,0,0,0,0,0,260717791006,0
2.0,2.22,4.8107,0,0,0,0,0,0,1,260717791084,0
5.0,2.36,3.6686,0,0,0,0,0,0,0,260717791129,0
7.0,2.26,6.0983,0,0,0,0,0,0,0,260717791131,0
2.0,2.34,3.5685,0,0,0,0,0,0,0,260717791173,0
5.0,2.34,4.001,0,0,0,0,0,0,0,260717791197,0
3.0,2.1,4.6898,0,0,0,0,0,0,1,260717791220,0
2.0,2.24,3.9064,0,0,0,0,0,0,1,260717791247,0
0.0,2.46,2.904,0,0,0,0,0,0,0,260717791283,0
0.0,2.28,4.3562,0,0,0,0,0,0,0,260717791288,0
2.0,2.4,2.8456,0,0,0,0,0,0,0,260717791342,0
8.0,2.28,3.9003,0,0,0,0,0,0,0,260717791348,0
2.0,2.36,3.7888,0,0,0,0,0,0,0,260717791366,0
2.0,2.42,2.2984,0,0,0,0,0,0,0,260717791369,0
2.0,2.46,2.2865,0,0,0,0,0,0,0,260717791383,0
6.0,2.28,2.0461,0,0,0,0,0,0,0,260717791389,0
0.0,2.3,4.3376,0,0,0,0,0,0,0,260717791398,0
11.0,2.28,4.8944,1,0,0,0,0,0,0,260717791406,0
2.0,2.42,5.6322,0,0,0,0,0,0,0,260717791423,0
2.0,2.44,6.1403,0,0,0,0,0,0,0,260717791429,0
0.0,2.36,3.9172,0,0,0,0,0,0,0,260717791440,0
0.0,2.32,4.0305,0,0,0,0,0,0,0,260717791442,0
2.0,2.3,4.8161,0,0,0,0,0,0,0,260717791445,0
19.0,2.36,4.6469,1,0,0,0,0,0,0,260717791455,0
2.0,2.3,3.6692,0,0,0,0,0,0,0,260717791457,0
0.0,2.36,5.5602,0,0,0,0,0,0,0,260717791459,0
24.0,2.22,3.4219,1,0,0,0,0,0,1,260717791463,0
2.0,2.3,5.9365,0,0,0,0,0,0,0,260717791468,0
0.0,2.34,2.5561,0,0,0,0,0,0,0,260717791469,0
2.0,2.32,4.7175,0,0,0,0,0,0,0,260717791470,0
2.0,2.46,4.2299,0,0,0,0,0,0,0,260717791472,0
2.0,2.36,3.3589,0,0,0,0,0,0,0,260717791473,0
0.0,2.46,5.0046,0,0,0,0,0,0,0,260717791475,0
2.0,2.28,4.8765,0,0,0,0,0,0,0,260717791478,0
0.0,2.44,3.054,0,0,0,0,0,0,0,260717791479,0
329.0,2.2,3.9473,1,0,0,0,0,0,1,260717791480,0
0.0,2.44,5.4703,0,0,0,0,0,0,0,260717791482,0
0.0,2.32,4.9713,0,0,0,0,0,0,0,260717791484,0
2.0,2.28,4.5766,0,0,0,0,0,0,0,260717791488,0
0.0,2.4,2.9406,0,0,0,0,0,0,0,260717791491,0
0.0,2.32,4.8281,0,0,0,0,0,0,0,260717791493,0
2.0,2.36,3.9559,0,0,0,0,0,0,0,260717791502,0
0.0,2.4,4.4222,0,0,0,0,0,0,0,260717791503,0
0.0,2.38,3.8206,0,0,0,0,0,0,0,260717791507,0
2.0,2.38,4.0677,0,0,0,0,0,0,0,260717791508,0
0.0,2.32,5.6328,0,0,0,0,0,0,0,260717791514,0
3.0,2.32,4.7415,0,0,0,0,0,0,0,260717791519,0
2.0,2.34,5.2698,0,0,0,0,0,0,0,260717791520,0
2.0,2.34,4.5868,0,0,0,0,0,0,0,260717791523,0
0.0,2.42,2.756,0,0,0,0,0,0,0,260717791527,0
0.0,2.26,5.3086,0,0,0,0,0,0,0,260717791530,0
3.0,2.26,4.9716,0,0,0,0,0,0,0,260717791532,0
0.0,2.36,2.7701,0,0,0,0,0,0,0,260717791533,0
2.0,2.26,6.0661,0,0,0,0,0,0,0,260717791540,0
0.0,2.2,4.082,0,0,0,0,0,0,1,260717791544,0
2.0,2.36,5.5969,0,0,0,0,0,0,0,260717791554,0
2.0,2.42,2.9917,0,0,0,0,0,0,0,260717791555,0
0.0,2.38,5.814,0,0,0,0,0,0,0,260717791558,0
2.0,2.3,2.6925,0,0,0,0,0,0,0,260717791559,0
2.0,2.36,4.5531,0,0,0,0,0,0,0,260717791560,0
0.0,2.4,2.6391,0,0,0,0,0,0,0,260717791571,0
0.0,2.34,2.8248,0,0,0,0,0,0,0,260717791574,0
2.0,2.32,3.3976,0,0,0,0,0,0,0,260717791575,0
2.0,2.36,5.1032,0,0,0,0,0,0,0,260717791577,0
3.0,2.02,1.8769,0,0,0,0,0,0,1,260717791585,0
4.0,2.26,3.6456,0,0,0,0,0,0,0,260717791588,0
2.0,2.34,4.1572,0,0,0,0,0,0,0,260717791589,0
3.0,2.3,4.2319,0,0,0,0,0,0,0,260717791592,0
7.0,2.34,4.3784,0,0,0,0,0,0,0,260717791593,0
2.0,2.32,3.2239,0,0,0,0,0,0,0,260717791597,0
3.0,2.3,3.5604,0,0,0,0,0,0,0,260717791600,0
0.0,2.36,3.0311,0,0,0,0,0,0,0,260717791602,0
0.0,2.34,3.5457,0,0,0,0,0,0,0,260717791607,0
0.0,2.48,2.9273,0,0,0,0,0,0,0,260717791614,0
2.0,2.3,3.694,0,0,0,0,0,0,0,260717791618,0
0.0,2.36,4.152,0,0,0,0,0,0,0,260717791632,0
3.0,2.32,4.0898,0,0,0,0,0,0,0,260717791633,0
3.0,2.28,4.5244,0,0,0,0,0,0,0,260717791634,0
2.0,2.34,7.2178,0,0,0,0,0,0,0,260717791637,0
2.0,2.3,4.0867,0,0,0,0,0,0,0,260717791648,0
0.0,2.32,4.3063,0,0,0,0,0,0,0,260717791654,0
2.0,2.3,4.1574,0,0,0,0,0,0,0,260717791661,0
2.0,2.3,3.9941,0,0,0,0,0,0,0,260717791667,0
2.0,2.36,6.2027,0,0,0,0,0,0,0,260717791671,0
2.0,2.3,4.1185,0,0,0,0,0,0,0,260717791695,0
2.0,2.2,5.0391,0,0,0,0,0,0,1,260717791696,0
2.0,2.26,2.8594,0,0,0,0,0,0,0,260717791742,0
0.0,2.36,3.8687,0,0,0,0,0,0,0,260717800197,0
0.0,2.3,1.9224,0,0,0,0,0,0,0,260717800310,0
0.0,2.38,3.1673,0,0,0,0,0,0,0,260717800580,0
0.0,2.46,3.6019,0,0,0,0,0,0,0,260717800782,0
2.0,2.46,3.6882,0,0,0,0,0,0,0,260717800909,0
0.0,2.28,4.1684,0,0,0,0,0,0,0,260717800966,0
0.0,2.28,4.1698,0,0,0,0,0,0,0,260717801091,0
0.0,2.48,2.5752,0,0,0,0,0,0,0,260717801246,0
2.0,2.38,4.8634,0,0,0,0,0,0,0,260717801249,0
2.0,2.26,3.2125,0,0,0,0,0,0,0,260717801251,0
3.0,2.24,4.8167,0,0,0,0,0,0,1,260717801316,0
4.0,2.1,3.7039,0,0,0,0,0,0,1,260717801320,0
0.0,2.26,3.9666,0,0,0,0,0,0,0,260717801357,0
2.0,2.34,4.5784,0,0,0,0,0,0,0,260717801411,0
0.0,2.4,5.0582,0,0,0,0,0,0,0,260717801418,0
0.0,2.36,4.983,0,0,0,0,0,0,0,260717801450,0
39.0,2.36,3.5063,1,0,0,0,0,0,0,260717801538,0
2.0,2.36,4.2803,0,0,0,0,0,0,0,260717801539,0
2.0,2.36,7.53,0,0,0,0,0,0,0,260717801543,0
0.0,2.32,2.9127,0,0,0,0,0,0,0,260717801544,0
5.0,2.26,3.6065,0,0,0,0,0,0,0,260717801555,0
2.0,1.32,8.1906,0,1,0,0,0,1,1,260717801561,0
12.0,2.3,3.8559,1,0,0,0,0,0,0,260717801565,0
2.0,2.36,5.4346,0,0,0,0,0,0,0,260717801569,0
7.0,2.4,6.5108,0,0,0,0,0,0,0,260717801577,0
2.0,2.3,3.1082,0,0,0,0,0,0,0,260717801608,0
0.0,2.38,3.2724,0,0,0,0,0,0,0,260717801610,0
0.0,2.2,1.935,0,0,0,0,0,0,1,260717801618,0
0.0,2.46,3.2599,0,0,0,0,0,0,0,260717801624,0
0.0,2.3,6.6613,0,0,0,0,0,0,0,260717801637,0
0.0,2.44,3.3195,0,0,0,0,0,0,0,260717801661,0
2.0,2.28,2.7286,0,0,0,0,0,0,0,260717801665,0
3.0,2.36,5.6213,0,0,0,0,0,0,0,260717801669,0
2.0,2.46,3.8553,0,0,0,0,0,0,0,260717801675,0
2.0,2.32,3.1653,0,0,0,0,0,0,0,260717801679,0
2.0,2.42,5.5991,0,0,0,0,0,0,0,260717801692,0
0.0,2.4,3.3517,0,0,0,0,0,0,0,260717801699,0
0.0,2.38,3.9525,0,0,0,0,0,0,0,260717801702,0
0.0,2.3,1.9079,0,0,0,0,0,0,0,260717801715,0
800.0,0.0,8.6023,7,1,1,1,0,1,1,260717801728,0
7.0,2.38,4.9471,0,0,0,0,0,0,0,260717801740,0
0.0,2.48,2.451,0,0,0,0,0,0,0,260717801751,0
2.0,2.32,6.6069,0,0,0,0,0,0,0,260717801752,0
2.0,2.2,3.9184,0,0,0,0,0,0,1,260717801757,0
0.0,2.14,8.1502,0,1,0,0,0,1,1,260717801759,0
2.0,2.2,3.4986,0,0,0,0,0,0,1,260717801760,0
2.0,2.48,2.6357,0,0,0,0,0,0,0,260717801762,0
2.0,2.32,4.5408,0,0,0,0,0,0,0,260717801770,0
0.0,2.02,6.0987,0,0,0,0,0,0,1,260717801772,0
2.0,2.36,4.4171,0,0,0,0,0,0,0,260717801774,0
0.0,2.24,3.8193,0,0,0,0,0,0,1,260717801777,0
2.0,2.38,5.0329,0,0,0,0,0,0,0,260717801785,0
0.0,2.36,6.2327,0,0,0,0,0,0,0,260717801787,0
0.0,2.38,3.0656,0,0,0,0,0,0,0,260717801794,0
0.0,2.36,2.8185,0,0,0,0,0,0,0,260717801799,0
2.0,2.3,4.2203,0,0,0,0,0,0,0,260717801802,0
2.0,2.26,4.8454,0,0,0,0,0,0,0,260717801804,0
0.0,2.42,4.1689,0,0,0,0,0,0,0,260717801805,0
3.0,2.36,5.1795,0,0,0,0,0,0,0,260717801813,0
2.0,2.3,3.4252,0,0,0,0,0,0,0,260717801814,0
0.0,2.34,6.7221,0,0,0,0,0,0,0,260717801826,0
2.0,2.38,5.4084,0,0,0,0,0,0,0,260717801828,0
0.0,2.32,5.2019,0,0,0,0,0,0,0,260717801830,0
0.0,2.36,7.3508,0,0,0,0,0,0,0,260717801842,0
2.0,2.3,3.806,0,0,0,0,0,0,0,260717801843,0
2.0,2.4,4.6781,0,0,0,0,0,0,0,260717801849,0
800.0,0.0,8.5808,53,1,1,1,0,1,1,260717801857,0
4.0,2.3,7.7005,0,0,0,0,0,0,0,260717801882,0
0.0,2.46,2.2999,0,0,0,0,0,0,0,260717801887,0
2.0,2.48,3.8738,0,0,0,0,0,0,0,260717801901,0
800.0,0.0,8.7283,132,1,1,1,0,1,1,260717801910,0
2.0,2.26,3.0272,0,0,0,0,0,0,0,260717801917,0
2.0,2.28,3.7807,0,0,0,0,0,0,0,260717801920,0
0.0,2.26,3.4968,0,0,0,0,0,0,0,260717801929,0
0.0,2.3,5.3575,0,0,0,0,0,0,0,260717801942,0
2.0,1.78,8.2237,0,1,0,0,0,1,1,260717801945,0
3.0,2.46,7.2231,0,0,0,0,0,0,0,260717801949,0
0.0,2.24,2.1595,0,0,0,0,0,0,1,260717801954,0
800.0,0.0,8.8054,50,1,1,1,0,1,1,260717801956,0
3.0,2.24,5.4065,0,0,0,0,0,0,1,260717801969,0
0.0,2.4,5.8762,0,0,0,0,0,0,0,260717810313,0
0.0,2.4,5.9033,0,0,0,0,0,0,0,260717810965,0
0.0,2.4,3.2542,0,0,0,0,0,0,0,260717811178,0
0.0,1.82,2.8816,0,0,0,0,0,0,1,260717811181,0
0.0,2.4,6.8862,0,0,0,0,0,0,0,260717811301,0
0.0,2.38,7.4752,0,0,0,0,0,0,0,260717811304,0
0.0,2.38,7.3573,0,0,0,0,0,0,0,260717811307,0
0.0,2.42,2.5775,0,0,0,0,0,0,0,260717811319,0
2.0,1.84,7.3177,0,0,0,0,0,0,1,260717811343,0
0.0,2.44,2.7908,0,0,0,0,0,0,0,260717811351,0
0.0,2.34,3.4292,0,0,0,0,0,0,0,260717811395,0
0.0,2.42,2.9929,0,0,0,0,0,0,0,260717811399,0
0.0,2.38,5.9374,0,0,0,0,0,0,0,260717811408,0
0.0,2.3,4.6052,0,0,0,0,0,0,0,260717811449,0
0.0,2.36,6.433,0,0,0,0,0,0,0,260717811451,0
0.0,2.02,2.0936,0,0,0,0,0,0,1,260717811459,0
2.0,2.36,5.0371,0,0,0,0,0,0,0,260717811460,0
0.0,2.36,5.0033,0,0,0,0,0,0,0,260717811501,0
0.0,2.46,3.6938,0,0,0,0,0,0,0,260717811507,0
0.0,2.46,2.5676,0,0,0,0,0,0,0,260717811513,0
0.0,2.12,3.6272,0,0,0,0,0,0,1,260717811522,0
0.0,2.42,2.9603,0,0,0,0,0,0,0,260717811525,0
0.0,2.4,5.24,0,0,0,0,0,0,0,260717811527,0
0.0,2.44,3.764,0,0,0,0,0,0,0,260717811542,0
6.0,2.26,5.0586,0,0,0,0,0,0,0,260717811547,0
3.0,2.34,3.8258,0,0,0,0,0,0,0,260717811558,0
2.0,2.42,3.5836,0,0,0,0,0,0,0,260717811559,0
2.0,2.42,7.3086,0,0,0,0,0,0,0,260717811562,0
0.0,2.38,6.0089,0,0,0,0,0,0,0,260717811574,0
0.0,2.38,5.5728,0,0,0,0,0,0,0,260717811596,0
0.0,2.36,4.7799,0,0,0,0,0,0,0,260717811606,0
2.0,2.48,4.7055,0,0,0,0,0,0,0,260717811611,0
0.0,2.48,3.1156,0,0,0,0,0,0,0,260717811622,0
2.0,2.48,3.3667,0,0,0,0,0,0,0,260717811645,0
2.0,2.34,5.7401,0,0,0,0,0,0,0,260717811646,0
2.0,2.48,2.189,0,0,0,0,0,0,0,260717811649,0
0.0,2.34,3.1683,0,0,0,0,0,0,0,260717811660,0
4.0,2.38,5.1254,0,0,0,0,0,0,0,260717811665,0
0.0,2.48,3.3036,0,0,0,0,0,0,0,260717811672,0
0.0,2.26,5.8061,0,0,0,0,0,0,0,260717811679,0
0.0,2.32,3.296,0,0,0,0,0,0,0,260717811693,0
0.0,2.34,4.2667,0,0,0,0,0,0,0,260717811708,0
2.0,2.32,5.0306,0,0,0,0,0,0,0,260717811710,0
3.0,2.36,6.0635,0,0,0,0,0,0,0,260717811711,0
0.0,2.46,4.2204,0,0,0,0,0,0,0,260717811725,0
0.0,2.4,3.9496,0,0,0,0,0,0,0,260717811729,0
4.0,2.34,5.822,0,0,0,0,0,0,0,260717811730,0
2.0,2.3,5.8845,0,0,0,0,0,0,0,260717811735,0
0.0,2.38,6.0383,0,0,0,0,0,0,0,260717811746,0
0.0,2.4,4.2543,0,0,0,0,0,0,0,260717811755,0
2.0,2.34,3.2919,0,0,0,0,0,0,0,260717811756,0
0.0,1.86,5.4598,0,0,0,0,0,0,1,260717811773,0
0.0,2.4,6.7375,0,0,0,0,0,0,0,260717811775,0
2.0,2.38,5.9024,0,0,0,0,0,0,0,260717811790,0
0.0,2.36,6.535,0,0,0,0,0,0,0,260717811792,0
0.0,2.36,5.3896,0,0,0,0,0,0,0,260717811796,0
4.0,2.26,3.9215,0,0,0,0,0,0,0,260717811812,0
0.0,2.44,3.5246,0,0,0,0,0,0,0,260717811836,0
0.0,2.38,3.0283,0,0,0,0,0,0,0,260717811839,0
0.0,2.38,5.5758,0,0,0,0,0,0,0,260717811841,0
2.0,2.46,6.8682,0,0,0,0,0,0,0,260717811844,0
0.0,2.36,2.3546,0,0,0,0,0,0,0,260717811862,0
0.0,2.36,6.1243,0,0,0,0,0,0,0,260717811884,0
0.0,2.34,3.1471,0,0,0,0,0,0,0,260717811893,0
0.0,2.36,3.9565,0,0,0,0,0,0,0,260717811896,0
0.0,2.4,4.4842,0,0,0,0,0,0,0,260717811902,0
0.0,2.36,5.6124,0,0,0,0,0,0,0,260717811909,0
